max_diff,max_corr,lamb2,ks
0.9936507936507937,0.9936507936507937,0.9936507936507937,0.2612377830351496
0.9957627118644068,0.9957627118644068,0.9957627118644068,0.2612377830351496
0.9873417721518988,0.9873417721518988,0.9873417721518988,0.2612377830351496
0.9914255091103966,0.9914255091103966,0.9914255091103966,0.2612377830351496
0.9830508474576272,0.9830508474576272,0.9830508474576272,0.2612377830351496
0.9914255091103966,0.9914255091103966,0.9914255091103966,0.2612377830351496
0.9871931696905016,0.9871931696905016,0.9871931696905016,0.2612377830351496
0.9892703862660944,0.9892703862660944,0.9892703862660944,0.2612377830351496
0.9849462365591398,0.9849462365591398,0.9849462365591398,0.2612377830351496
0.997867803837953,0.997867803837953,0.997867803837953,0.2612377830351496
0.03829787234042553,0.3148936170212766,0.002127659574468085,0.2612377830351496
0.9915700737618546,0.9915700737618546,0.9915700737618546,0.2612377830351496
0.9936708860759493,0.9936708860759493,0.9936708860759493,0.2612377830351496
0.9957582184517497,0.9957582184517497,0.9957582184517497,0.2612377830351496
0.9891891891891892,0.9891891891891892,0.9891891891891892,0.2612377830351496
0.019067796610169493,0.9936440677966102,0.9936440677966102,0.2612377830351496
0.9957627118644068,0.9957627118644068,0.9957627118644068,0.2612377830351496
0.9956616052060737,0.9956616052060737,0.9956616052060737,0.2612377830351496
0.9935965848452508,0.9935965848452508,0.9935965848452508,0.2612377830351496
0.9807897545357525,0.9807897545357525,0.9807897545357525,0.2612377830351496
0.012684989429175475,0.9978858350951374,0.9978858350951374,0.2612377830351496
0.9935897435897436,0.9935897435897436,0.9935897435897436,0.2612377830351496
0.9957671957671957,0.9957671957671957,0.9957671957671957,0.2612377830351496
0.9957716701902748,0.9957716701902748,0.9957716701902748,0.2612377830351496
1.0,1.0,1.0,0.2612377830351496
0.9832109129066107,0.9832109129066107,0.9832109129066107,0.2612377830351496
0.9936373276776246,0.9936373276776246,0.9936373276776246,0.2612377830351496
0.03361344537815126,1.0,1.0,0.2612377830351496
0.023504273504273504,0.9935897435897436,0.9935897435897436,0.2612377830351496
0.9894291754756871,0.9894291754756871,0.9894291754756871,0.2612377830351496
0.004210526315789474,0.991578947368421,0.991578947368421,0.2612377830351496
0.989406779661017,0.989406779661017,0.989406779661017,0.2612377830351496
0.07987220447284345,0.9957401490947817,0.9957401490947817,0.2612377830351496
0.991675338189386,0.991675338189386,0.991675338189386,0.2612377830351496
0.06609808102345416,0.5671641791044776,0.008528784648187633,0.2612377830351496
0.9934994582881906,0.9934994582881906,0.9934994582881906,0.2612377830351496
0.9936305732484076,0.9936305732484076,0.9936305732484076,0.2612377830351496
0.9850267379679144,0.9850267379679144,0.9850267379679144,0.2612377830351496
0.9978925184404637,0.9978925184404637,0.9978925184404637,0.2612377830351496
0.9915343915343915,0.9915343915343915,0.9915343915343915,0.2612377830351496
0.9935275080906149,0.9935275080906149,0.9935275080906149,0.2612377830351496
0.9873551106427819,0.9873551106427819,0.9873551106427819,0.2612377830351496
1.0,1.0,1.0,0.2612377830351496
0.019189765458422176,0.9893390191897654,0.9893390191897654,0.2612377830351496
1.0,1.0,1.0,0.2612377830351496
0.9936974789915967,0.9936974789915967,0.9936974789915967,0.2612377830351496
0.08217716115261472,0.9957310565635006,0.9957310565635006,0.2612377830351496
0.9894179894179894,0.9894179894179894,0.9894179894179894,0.2612377830351496
0.9979013641133263,0.9979013641133263,0.9979013641133263,0.2612377830351496
0.9958027282266527,0.9958027282266527,0.9958027282266527,0.2612377830351496
0.9705263157894737,0.9705263157894737,0.9705263157894737,0.24534424087030465
0.9789029535864979,0.9789029535864979,0.9789029535864979,0.24534424087030465
0.9683544303797469,0.9683544303797469,0.9683544303797469,0.24534424087030465
0.9698924731182795,0.9698924731182795,0.9698924731182795,0.24534424087030465
0.987220447284345,0.987220447284345,0.987220447284345,0.24534424087030465
0.9726315789473684,0.9726315789473684,0.9726315789473684,0.24534424087030465
0.9702127659574468,0.9702127659574468,0.9702127659574468,0.24534424087030465
0.974304068522484,0.974304068522484,0.974304068522484,0.24534424087030465
0.9613733905579399,0.9613733905579399,0.9613733905579399,0.24534424087030465
0.9787685774946921,0.9787685774946921,0.9787685774946921,0.24534424087030465
0.9722814498933902,0.9722814498933902,0.9722814498933902,0.24534424087030465
0.9705573080967402,0.9705573080967402,0.9705573080967402,0.24534424087030465
0.9811122770199371,0.9811122770199371,0.9811122770199371,0.24534424087030465
0.9807897545357525,0.9807897545357525,0.9807897545357525,0.24534424087030465
0.967982924226254,0.967982924226254,0.967982924226254,0.24534424087030465
0.9893276414087513,0.9893276414087513,0.9893276414087513,0.24534424087030465
0.9724284199363733,0.9724284199363733,0.9724284199363733,0.24534424087030465
0.9827213822894169,0.9827213822894169,0.9827213822894169,0.24534424087030465
0.9678800856531049,0.9678800856531049,0.9678800856531049,0.24534424087030465
0.968186638388123,0.968186638388123,0.968186638388123,0.24534424087030465
0.9747368421052631,0.9747368421052631,0.9747368421052631,0.24534424087030465
0.9681528662420382,0.9681528662420382,0.9681528662420382,0.24534424087030465
0.9809322033898306,0.9809322033898306,0.9809322033898306,0.24534424087030465
0.9893503727369543,0.9893503727369543,0.9893503727369543,0.24534424087030465
0.9852941176470589,0.9852941176470589,0.9852941176470589,0.24534424087030465
0.9727463312368972,0.9727463312368972,0.9727463312368972,0.24534424087030465
0.9682203389830508,0.9682203389830508,0.9682203389830508,0.24534424087030465
0.9726315789473684,0.9726315789473684,0.9726315789473684,0.24534424087030465
0.9723404255319149,0.9723404255319149,0.9723404255319149,0.24534424087030465
0.9639830508474576,0.9639830508474576,0.9639830508474576,0.24534424087030465
0.9874476987447699,0.9874476987447699,0.9874476987447699,0.24534424087030465
0.9600420609884333,0.9600420609884333,0.9600420609884333,0.24534424087030465
0.9831756046267087,0.9831756046267087,0.9831756046267087,0.24534424087030465
0.9543568464730291,0.9543568464730291,0.9543568464730291,0.24534424087030465
0.9828141783029001,0.9828141783029001,0.9828141783029001,0.24534424087030465
0.959051724137931,0.959051724137931,0.959051724137931,0.24534424087030465
0.9701810436634718,0.9701810436634718,0.9701810436634718,0.24534424087030465
0.9637526652452025,0.9637526652452025,0.9637526652452025,0.24534424087030465
0.9536842105263158,0.9536842105263158,0.9536842105263158,0.24534424087030465
0.9638297872340426,0.9638297872340426,0.9638297872340426,0.24534424087030465
0.9597030752916225,0.9597030752916225,0.9597030752916225,0.24534424087030465
0.9469214437367304,0.9469214437367304,0.9469214437367304,0.24534424087030465
0.9828877005347594,0.9828877005347594,0.9828877005347594,0.24534424087030465
0.978494623655914,0.978494623655914,0.978494623655914,0.24534424087030465
0.9871794871794872,0.9871794871794872,0.9871794871794872,0.24534424087030465
0.9727748691099476,0.9727748691099476,0.9727748691099476,0.24534424087030465
0.9678111587982833,0.9678111587982833,0.9678111587982833,0.24534424087030465
0.9830508474576272,0.9830508474576272,0.9830508474576272,0.24534424087030465
0.9831756046267087,0.9831756046267087,0.9831756046267087,0.24534424087030465
0.9831401475237092,0.9831401475237092,0.9831401475237092,0.24534424087030465
0.9484978540772532,0.9484978540772532,0.9484978540772532,0.2289408074511738
0.957983193277311,0.957983193277311,0.957983193277311,0.2289408074511738
0.9129511677282378,0.9320594479830149,0.9320594479830149,0.2289408074511738
0.9613319011815252,0.9613319011815252,0.9613319011815252,0.2289408074511738
0.930379746835443,0.930379746835443,0.930379746835443,0.2289408074511738
0.9493136219640972,0.9493136219640972,0.9493136219640972,0.2289408074511738
0.9741935483870968,0.9741935483870968,0.9741935483870968,0.2289408074511738
0.9676724137931034,0.9676724137931034,0.9676724137931034,0.2289408074511738
0.927038626609442,0.927038626609442,0.927038626609442,0.2289408074511738
0.9637526652452025,0.9637526652452025,0.9637526652452025,0.2289408074511738
0.9490445859872612,0.9490445859872612,0.9490445859872612,0.2289408074511738
0.9288702928870293,0.9288702928870293,0.9288702928870293,0.2289408074511738
0.9727748691099476,0.9727748691099476,0.9727748691099476,0.2289408074511738
0.9577613516367476,0.9577613516367476,0.9577613516367476,0.2289408074511738
0.9466382070437567,0.9466382070437567,0.9466382070437567,0.2289408074511738
0.9616204690831557,0.9616204690831557,0.9616204690831557,0.2289408074511738
0.964021164021164,0.964021164021164,0.964021164021164,0.2289408074511738
0.9445628997867804,0.9445628997867804,0.9445628997867804,0.2289408074511738
0.9632034632034632,0.9632034632034632,0.9632034632034632,0.2289408074511738
0.9486081370449678,0.9486081370449678,0.9486081370449678,0.2289408074511738
0.9766702014846236,0.9766702014846236,0.9766702014846236,0.2289408074511738
0.9430379746835443,0.9430379746835443,0.9430379746835443,0.2289408074511738
0.9553666312433581,0.9553666312433581,0.9553666312433581,0.2289408074511738
0.9552715654952076,0.9552715654952076,0.9552715654952076,0.2289408074511738
0.960167714884696,0.960167714884696,0.960167714884696,0.2289408074511738
0.9494736842105264,0.9494736842105264,0.9494736842105264,0.2289408074511738
0.9597030752916225,0.9597030752916225,0.9597030752916225,0.2289408074511738
0.9540229885057471,0.9540229885057471,0.9540229885057471,0.2289408074511738
0.9572192513368984,0.9572192513368984,0.9572192513368984,0.2289408074511738
0.9297124600638977,0.9297124600638977,0.9297124600638977,0.2289408074511738
0.9791231732776617,0.9791231732776617,0.9791231732776617,0.2289408074511738
0.9345300950369588,0.9345300950369588,0.9345300950369588,0.2289408074511738
0.9404888416578109,0.9404888416578109,0.9404888416578109,0.2289408074511738
0.9332638164754953,0.9332638164754953,0.9332638164754953,0.2289408074511738
0.9616613418530351,0.9616613418530351,0.9616613418530351,0.2289408074511738
0.932972972972973,0.932972972972973,0.932972972972973,0.2289408074511738
0.9656283566058003,0.9656283566058003,0.9656283566058003,0.2289408074511738
0.9419978517722879,0.9419978517722879,0.9419978517722879,0.2289408074511738
0.9381003201707577,0.9381003201707577,0.9381003201707577,0.2289408074511738
0.9229122055674518,0.9229122055674518,0.9229122055674518,0.2289408074511738
0.9271168274383709,0.9271168274383709,0.9271168274383709,0.2289408074511738
0.9110169491525424,0.9110169491525424,0.9110169491525424,0.2289408074511738
0.9381663113006397,0.9381663113006397,0.9381663113006397,0.2289408074511738
0.959445037353255,0.959445037353255,0.959445037353255,0.2289408074511738
0.9384288747346072,0.9554140127388535,0.9554140127388535,0.2289408074511738
0.9623824451410659,0.9623824451410659,0.9623824451410659,0.2289408074511738
0.9385593220338984,0.9385593220338984,0.9385593220338984,0.2289408074511738
0.9409282700421941,0.9409282700421941,0.9409282700421941,0.2289408074511738
0.9515279241306639,0.9515279241306639,0.9515279241306639,0.2289408074511738
0.9429778247096093,0.9429778247096093,0.9429778247096093,0.2289408074511738
0.905982905982906,0.905982905982906,0.905982905982906,0.21200254552486117
0.9285714285714286,0.9285714285714286,0.9285714285714286,0.21200254552486117
0.8948475289169295,0.8948475289169295,0.8948475289169295,0.21200254552486117
0.9443850267379679,0.9443850267379679,0.9443850267379679,0.21200254552486117
0.919831223628692,0.919831223628692,0.919831223628692,0.21200254552486117
0.9135932560590094,0.9135932560590094,0.9135932560590094,0.21200254552486117
0.936373276776246,0.936373276776246,0.936373276776246,0.21200254552486117
0.9023354564755839,0.9023354564755839,0.9023354564755839,0.21200254552486117
0.906183368869936,0.906183368869936,0.906183368869936,0.21200254552486117
0.9211927582534611,0.9211927582534611,0.9211927582534611,0.21200254552486117
0.9339019189765458,0.9339019189765458,0.9339019189765458,0.21200254552486117
0.9118572927597062,0.9118572927597062,0.9118572927597062,0.21200254552486117
0.9170212765957447,0.9170212765957447,0.9170212765957447,0.21200254552486117
0.9217758985200846,0.9217758985200846,0.9217758985200846,0.21200254552486117
0.907427341227126,0.907427341227126,0.907427341227126,0.21200254552486117
0.9103521878335112,0.9103521878335112,0.9103521878335112,0.21200254552486117
0.9260042283298098,0.9260042283298098,0.9260042283298098,0.21200254552486117
0.8642241379310345,0.9094827586206896,0.9094827586206896,0.21200254552486117
0.9194061505832449,0.9194061505832449,0.9194061505832449,0.21200254552486117
0.8577494692144374,0.8577494692144374,0.851380042462845,0.21200254552486117
0.9070749736008448,0.9070749736008448,0.9070749736008448,0.21200254552486117
0.9127659574468086,0.9127659574468086,0.9127659574468086,0.21200254552486117
0.9055613850996852,0.9160545645330536,0.9160545645330536,0.21200254552486117
0.9178947368421052,0.9178947368421052,0.9178947368421052,0.21200254552486117
0.9301587301587302,0.9301587301587302,0.9301587301587302,0.21200254552486117
0.9263932702418507,0.9263932702418507,0.9263932702418507,0.21200254552486117
0.9157894736842105,0.9157894736842105,0.9157894736842105,0.21200254552486117
0.8845750262329486,0.9076600209863589,0.863588667366212,0.21200254552486117
0.9336898395721925,0.9336898395721925,0.9336898395721925,0.21200254552486117
0.9339019189765458,0.9339019189765458,0.9339019189765458,0.21200254552486117
0.9498956158663883,0.9498956158663883,0.9498956158663883,0.21200254552486117
0.8879492600422833,0.8879492600422833,0.8879492600422833,0.21200254552486117
0.9242902208201893,0.9242902208201893,0.9242902208201893,0.21200254552486117
0.9251559251559252,0.9251559251559252,0.9251559251559252,0.21200254552486117
0.9194061505832449,0.9194061505832449,0.9194061505832449,0.21200254552486117
0.8518518518518519,0.8645502645502645,0.8645502645502645,0.21200254552486117
0.9221621621621622,0.9221621621621622,0.9221621621621622,0.21200254552486117
0.893048128342246,0.893048128342246,0.893048128342246,0.21200254552486117
0.8967334035827187,0.8967334035827187,0.8967334035827187,0.21200254552486117
0.9064824654622742,0.9064824654622742,0.895855472901169,0.21200254552486117
0.8772874058127018,0.8772874058127018,0.8772874058127018,0.21200254552486117
0.9085106382978724,0.9085106382978724,0.9085106382978724,0.21200254552486117
0.938034188034188,0.938034188034188,0.938034188034188,0.21200254552486117
0.9206008583690987,0.9206008583690987,0.9206008583690987,0.21200254552486117
0.8954108858057631,0.8954108858057631,0.8954108858057631,0.21200254552486117
0.9157007376185459,0.9157007376185459,0.9157007376185459,0.21200254552486117
0.8998935037273695,0.8998935037273695,0.8998935037273695,0.21200254552486117
0.93717277486911,0.93717277486911,0.93717277486911,0.21200254552486117
0.9397089397089398,0.9397089397089398,0.9397089397089398,0.21200254552486117
0.8938428874734607,0.9044585987261147,0.9044585987261147,0.21200254552486117
0.7817796610169492,0.8432203389830508,0.7627118644067796,0.19450286474750694
0.9008438818565401,0.9008438818565401,0.9008438818565401,0.19450286474750694
0.8331573389651531,0.8331573389651531,0.8331573389651531,0.19450286474750694
0.9079229122055674,0.9079229122055674,0.9079229122055674,0.19450286474750694
0.8966244725738397,0.8966244725738397,0.8966244725738397,0.19450286474750694
0.9123173277661796,0.9123173277661796,0.9123173277661796,0.19450286474750694
0.8711063372717508,0.8711063372717508,0.8711063372717508,0.19450286474750694
0.9007551240560949,0.9007551240560949,0.9007551240560949,0.19450286474750694
0.7904761904761904,0.8455026455026455,0.7798941798941799,0.19450286474750694
0.9187165775401069,0.9187165775401069,0.9187165775401069,0.19450286474750694
0.8679446219382322,0.8679446219382322,0.8679446219382322,0.19450286474750694
0.8336842105263158,0.8336842105263158,0.8336842105263158,0.19450286474750694
0.9034627492130115,0.9034627492130115,0.7523609653725079,0.19450286474750694
0.8933901918976546,0.8933901918976546,0.8933901918976546,0.19450286474750694
0.8205128205128205,0.8205128205128205,0.8205128205128205,0.19450286474750694
0.8521647307286166,0.8817317845828934,0.8817317845828934,0.19450286474750694
0.8773784355179705,0.8773784355179705,0.8773784355179705,0.19450286474750694
0.8829902491874323,0.8829902491874323,0.8829902491874323,0.19450286474750694
0.8592750533049041,0.8592750533049041,0.8592750533049041,0.19450286474750694
0.8285714285714286,0.8285714285714286,0.6275132275132275,0.19450286474750694
0.8912579957356077,0.8912579957356077,0.8912579957356077,0.19450286474750694
0.881104033970276,0.881104033970276,0.881104033970276,0.19450286474750694
0.8519290928050052,0.8519290928050052,0.8477580813347236,0.19450286474750694
0.8886554621848739,0.8886554621848739,0.8403361344537815,0.19450286474750694
0.907563025210084,0.907563025210084,0.907563025210084,0.19450286474750694
0.7983014861995754,0.8789808917197452,0.8789808917197452,0.19450286474750694
0.9135021097046413,0.9135021097046413,0.9135021097046413,0.19450286474750694
0.8810020876826722,0.8810020876826722,0.8810020876826722,0.19450286474750694
0.8980891719745223,0.8980891719745223,0.8980891719745223,0.19450286474750694
0.8628081457663451,0.8628081457663451,0.8628081457663451,0.19450286474750694
0.9183246073298429,0.9183246073298429,0.8303664921465969,0.19450286474750694
0.8651211801896733,0.8651211801896733,0.3424657534246575,0.19450286474750694
0.8905263157894737,0.8905263157894737,0.8905263157894737,0.19450286474750694
0.8833333333333333,0.8833333333333333,0.8833333333333333,0.19450286474750694
0.8887700534759359,0.8887700534759359,0.8887700534759359,0.19450286474750694
0.8310160427807487,0.8310160427807487,0.7754010695187166,0.19450286474750694
0.8762006403415155,0.8762006403415155,0.8762006403415155,0.19450286474750694
0.8136511375947996,0.8656554712892741,0.7226435536294691,0.19450286474750694
0.8692390139335477,0.8692390139335477,0.5734190782422294,0.19450286474750694
0.8477801268498943,0.8477801268498943,0.8477801268498943,0.19450286474750694
0.8516129032258064,0.8924731182795699,0.8924731182795699,0.19450286474750694
0.8266384778012685,0.8498942917547568,0.8498942917547568,0.19450286474750694
0.8921775898520085,0.8942917547568711,0.8942917547568711,0.19450286474750694
0.8879310344827587,0.8879310344827587,0.8879310344827587,0.19450286474750694
0.8315565031982942,0.8315565031982942,0.8315565031982942,0.19450286474750694
0.888421052631579,0.888421052631579,0.8568421052631578,0.19450286474750694
0.8559322033898306,0.8559322033898306,0.8559322033898306,0.19450286474750694
0.9066808059384942,0.9066808059384942,0.9066808059384942,0.19450286474750694
0.8984126984126984,0.8984126984126984,0.8984126984126984,0.19450286474750694
0.9100642398286938,0.9100642398286938,0.9100642398286938,0.19450286474750694
0.6412459720730398,0.7873254564983888,0.7873254564983888,0.17641338239665322
0.8597236981934112,0.8597236981934112,0.8597236981934112,0.17641338239665322
0.8376068376068376,0.8376068376068376,0.8376068376068376,0.17641338239665322
0.8476190476190476,0.8476190476190476,0.8476190476190476,0.17641338239665322
0.8243386243386244,0.8243386243386244,0.8243386243386244,0.17641338239665322
0.8544698544698545,0.8544698544698545,0.7692307692307693,0.17641338239665322
0.8614072494669509,0.8614072494669509,0.08955223880597014,0.17641338239665322
0.8244111349036403,0.8244111349036403,0.8244111349036403,0.17641338239665322
0.8380651945320715,0.8380651945320715,0.14616193480546794,0.17641338239665322
0.8340425531914893,0.8340425531914893,0.8085106382978723,0.17641338239665322
0.8356164383561644,0.8356164383561644,0.8356164383561644,0.17641338239665322
0.7098121085594989,0.7098121085594989,0.7056367432150313,0.17641338239665322
0.83881230116649,0.83881230116649,0.83881230116649,0.17641338239665322
0.8366914103923648,0.8366914103923648,0.1071049840933192,0.17641338239665322
0.8053475935828877,0.8053475935828877,0.8053475935828877,0.17641338239665322
0.8317560462670873,0.8317560462670873,0.8317560462670873,0.17641338239665322
0.8412698412698413,0.8412698412698413,0.1259259259259259,0.17641338239665322
0.8230852211434736,0.8403451995685005,0.3419633225458468,0.17641338239665322
0.8047210300429185,0.8047210300429185,0.6845493562231759,0.17641338239665322
0.7947089947089947,0.7947089947089947,0.11534391534391535,0.17641338239665322
0.8067940552016986,0.8067940552016986,0.7176220806794055,0.17641338239665322
0.7697228144989339,0.7825159914712153,0.0255863539445629,0.17641338239665322
0.8416050686378036,0.8416050686378036,0.8416050686378036,0.17641338239665322
0.8575982996811902,0.8575982996811902,0.8575982996811902,0.17641338239665322
0.8235294117647058,0.8907563025210085,0.8907563025210085,0.17641338239665322
0.8607594936708861,0.8607594936708861,0.8607594936708861,0.17641338239665322
0.8471337579617835,0.8471337579617835,0.8471337579617835,0.17641338239665322
0.8288100208768268,0.8288100208768268,0.8288100208768268,0.17641338239665322
0.8331550802139037,0.8331550802139037,0.11657754010695187,0.17641338239665322
0.7433722163308589,0.7476139978791092,0.22163308589607636,0.17641338239665322
0.8996865203761756,0.8996865203761756,0.8996865203761756,0.17641338239665322
0.7658227848101266,0.7658227848101266,0.5928270042194093,0.17641338239665322
0.8226495726495726,0.8226495726495726,0.8226495726495726,0.17641338239665322
0.8559498956158664,0.8559498956158664,0.8559498956158664,0.17641338239665322
0.8487752928647497,0.8487752928647497,0.8487752928647497,0.17641338239665322
0.7945355191256831,0.7945355191256831,0.7945355191256831,0.17641338239665322
0.8863387978142077,0.8863387978142077,0.8863387978142077,0.17641338239665322
0.829924650161464,0.829924650161464,0.3627556512378902,0.17641338239665322
0.8113612004287245,0.8113612004287245,0.45980707395498394,0.17641338239665322
0.8127659574468085,0.8127659574468085,0.39361702127659576,0.17641338239665322
0.7633262260127932,0.7633262260127932,0.7185501066098081,0.17641338239665322
0.8268215417106652,0.8268215417106652,0.8268215417106652,0.17641338239665322
0.7770632368703109,0.7770632368703109,0.15112540192926044,0.17641338239665322
0.851380042462845,0.851380042462845,0.851380042462845,0.17641338239665322
0.7863247863247863,0.7863247863247863,0.7863247863247863,0.17641338239665322
0.8416050686378036,0.8416050686378036,0.8416050686378036,0.17641338239665322
0.7997847147470398,0.7997847147470398,0.1108719052744887,0.17641338239665322
0.8623655913978494,0.8623655913978494,0.8623655913978494,0.17641338239665322
0.8515376458112407,0.8515376458112407,0.8515376458112407,0.17641338239665322
0.8743343982960596,0.8743343982960596,0.18849840255591055,0.17641338239665322
0.6949152542372882,0.6949152542372882,0.13135593220338984,0.1577037697587425
0.8676627534685165,0.8676627534685165,0.8676627534685165,0.1577037697587425
0.7078410311493019,0.7142857142857143,0.439312567132116,0.1577037697587425
0.8402555910543131,0.8402555910543131,0.8402555910543131,0.1577037697587425
0.7659574468085106,0.7659574468085106,0.7659574468085106,0.1577037697587425
0.8275499474237644,0.8275499474237644,0.8275499474237644,0.1577037697587425
0.7304812834224599,0.7304812834224599,0.2983957219251337,0.1577037697587425
0.8234660925726588,0.8234660925726588,0.5220667384284177,0.1577037697587425
0.721030042918455,0.8025751072961373,0.8025751072961373,0.1577037697587425
0.8338727076591155,0.8338727076591155,0.8338727076591155,0.1577037697587425
0.8274760383386581,0.8274760383386581,0.8274760383386581,0.1577037697587425
0.7244258872651357,0.7244258872651357,0.7244258872651357,0.1577037697587425
0.777306468716861,0.777306468716861,0.777306468716861,0.1577037697587425
0.8685047720042418,0.8685047720042418,0.09650053022269353,0.1577037697587425
0.6303418803418803,0.7051282051282052,0.7051282051282052,0.1577037697587425
0.7841269841269841,0.7841269841269841,0.6105820105820106,0.1577037697587425
0.7705263157894737,0.7978947368421052,0.14947368421052631,0.1577037697587425
0.6598049837486457,0.6793066088840737,0.4409534127843987,0.1577037697587425
0.7564102564102564,0.7564102564102564,0.7371794871794872,0.1577037697587425
0.7547974413646056,0.7547974413646056,0.21108742004264391,0.1577037697587425
0.7547568710359408,0.7547568710359408,0.7547568710359408,0.1577037697587425
0.7303609341825902,0.7303609341825902,0.5817409766454352,0.1577037697587425
0.7634635691657867,0.7634635691657867,0.7634635691657867,0.1577037697587425
0.7231096911608094,0.7891373801916933,0.7891373801916933,0.1577037697587425
0.7947643979057591,0.8219895287958116,0.2481675392670157,0.1577037697587425
0.8519290928050052,0.8519290928050052,0.8519290928050052,0.1577037697587425
0.7687366167023555,0.7687366167023555,0.7687366167023555,0.1577037697587425
0.7953586497890295,0.7953586497890295,0.3143459915611814,0.1577037697587425
0.8187633262260128,0.8187633262260128,0.8187633262260128,0.1577037697587425
0.7300743889479278,0.7300743889479278,0.6004250797024442,0.1577037697587425
0.8336842105263158,0.8336842105263158,0.8336842105263158,0.1577037697587425
0.5220125786163522,0.6876310272536688,0.44025157232704404,0.1577037697587425
0.8044633368756642,0.8044633368756642,0.8044633368756642,0.1577037697587425
0.8270042194092827,0.8270042194092827,0.08649789029535865,0.1577037697587425
0.7424892703862661,0.7424892703862661,0.27896995708154504,0.1577037697587425
0.7610333692142088,0.7610333692142088,0.7610333692142088,0.1577037697587425
0.8631921824104235,0.8631921824104235,0.6199782844733985,0.1577037697587425
0.6891747052518756,0.7770632368703109,0.7770632368703109,0.1577037697587425
0.7334754797441365,0.7334754797441365,0.2835820895522388,0.1577037697587425
0.7402323125659979,0.7402323125659979,0.007391763463569166,0.1577037697587425
0.7478813559322034,0.7478813559322034,0.2288135593220339,0.1577037697587425
0.7124600638977636,0.7124600638977636,0.7124600638977636,0.1577037697587425
0.8164556962025317,0.8164556962025317,0.2510548523206751,0.1577037697587425
0.8075675675675675,0.8075675675675675,0.8075675675675675,0.1577037697587425
0.7627118644067796,0.7627118644067796,0.6927966101694916,0.1577037697587425
0.7494692144373672,0.7494692144373672,0.3354564755838641,0.1577037697587425
0.6974248927038627,0.6974248927038627,0.6244635193133047,0.1577037697587425
0.8455026455026455,0.8455026455026455,0.5322751322751322,0.1577037697587425
0.8105263157894737,0.8105263157894737,0.8105263157894737,0.1577037697587425
0.7865528281750267,0.7865528281750267,0.23585912486659552,0.1577037697587425
0.5995785036880927,0.5995785036880927,0.14857744994731295,0.13834158244301334
0.8110403397027601,0.8110403397027601,0.8110403397027601,0.13834158244301334
0.5187165775401069,0.6213903743315508,0.11657754010695187,0.13834158244301334
0.7316017316017316,0.7316017316017316,0.7316017316017316,0.13834158244301334
0.6282998944033791,0.6282998944033791,0.5755015839493136,0.13834158244301334
0.7542016806722689,0.7542016806722689,0.7542016806722689,0.13834158244301334
0.6865671641791045,0.7505330490405118,0.326226012793177,0.13834158244301334
0.7683315621679064,0.7683315621679064,0.7683315621679064,0.13834158244301334
0.7780126849894292,0.7780126849894292,0.7780126849894292,0.13834158244301334
0.6846560846560846,0.7544973544973544,0.32063492063492066,0.13834158244301334
0.7097457627118644,0.7309322033898306,0.5127118644067796,0.13834158244301334
0.6659574468085107,0.6659574468085107,0.6659574468085107,0.13834158244301334
0.7309322033898306,0.7309322033898306,0.1419491525423729,0.13834158244301334
0.7620578778135049,0.7620578778135049,0.7620578778135049,0.13834158244301334
0.5792811839323467,0.5792811839323467,0.014799154334038054,0.13834158244301334
0.6162046908315565,0.7420042643923241,0.7420042643923241,0.13834158244301334
0.782051282051282,0.782051282051282,0.782051282051282,0.13834158244301334
0.6566523605150214,0.6566523605150214,0.6502145922746781,0.13834158244301334
0.6493092454835282,0.6493092454835282,0.3687566418703507,0.13834158244301334
0.6455424274973147,0.6455424274973147,0.04833512352309345,0.13834158244301334
0.6712328767123288,0.6712328767123288,0.20969441517386722,0.13834158244301334
0.6779661016949152,0.6779661016949152,0.6779661016949152,0.13834158244301334
0.7836691410392365,0.7836691410392365,0.7836691410392365,0.13834158244301334
0.5058572949946751,0.5228966986155484,0.19275825346112885,0.13834158244301334
0.7777777777777778,0.7777777777777778,0.7777777777777778,0.13834158244301334
0.655099894847529,0.655099894847529,0.17350157728706625,0.13834158244301334
0.7184873949579832,0.7184873949579832,0.7184873949579832,0.13834158244301334
0.7397691500524659,0.7397691500524659,0.7397691500524659,0.13834158244301334
0.7395944503735326,0.7395944503735326,0.7395944503735326,0.13834158244301334
0.6873661670235546,0.6873661670235546,0.0021413276231263384,0.13834158244301334
0.8293444328824141,0.8293444328824141,0.8293444328824141,0.13834158244301334
0.6072186836518046,0.6284501061571125,0.3227176220806794,0.13834158244301334
0.6993603411513859,0.6993603411513859,0.6993603411513859,0.13834158244301334
0.5802728226652676,0.6537250786988458,0.5802728226652676,0.13834158244301334
0.67170626349892,0.67170626349892,0.5680345572354212,0.13834158244301334
0.5900755124056095,0.6634304207119741,0.6030204962243797,0.13834158244301334
0.742145178764897,0.742145178764897,0.19176598049837487,0.13834158244301334
0.6443965517241379,0.6443965517241379,0.3857758620689655,0.13834158244301334
0.7054429028815368,0.7054429028815368,0.08858057630736393,0.13834158244301334
0.5498938428874734,0.6496815286624203,0.28874734607218683,0.13834158244301334
0.6596194503171248,0.6638477801268499,0.6638477801268499,0.13834158244301334
0.6325237592397043,0.6515311510031679,0.09820485744456177,0.13834158244301334
0.6526315789473685,0.6526315789473685,0.2168421052631579,0.13834158244301334
0.6577540106951871,0.6941176470588235,0.2556149732620321,0.13834158244301334
0.6564156945917285,0.6564156945917285,0.5821845174973489,0.13834158244301334
0.7676874340021119,0.7676874340021119,0.09820485744456177,0.13834158244301334
0.6029882604055496,0.6029882604055496,0.1910352187833511,0.13834158244301334
0.6997885835095138,0.6997885835095138,0.27061310782241016,0.13834158244301334
0.7241379310344828,0.7241379310344828,0.3563218390804598,0.13834158244301334
0.7678381256656017,0.7678381256656017,0.04579339723109691,0.13834158244301334
0.5520169851380042,0.5520169851380042,0.23142250530785563,0.1182920726247492
0.69989281886388,0.69989281886388,0.2433011789924973,0.1182920726247492
0.5457481162540366,0.5457481162540366,0.38428417653390745,0.1182920726247492
0.693304535637149,0.693304535637149,0.693304535637149,0.1182920726247492
0.6273684210526316,0.6273684210526316,0.47368421052631576,0.1182920726247492
0.7101147028154328,0.7101147028154328,0.7101147028154328,0.1182920726247492
0.5966029723991507,0.5966029723991507,0.11040339702760085,0.1182920726247492
0.682062298603652,0.682062298603652,0.17722878625134264,0.1182920726247492
0.6542155816435432,0.6542155816435432,0.1632870864461046,0.1182920726247492
0.6740273396424816,0.6740273396424816,0.5583596214511041,0.1182920726247492
0.4129979035639413,0.4444444444444444,0.050314465408805034,0.1182920726247492
0.5153439153439153,0.5153439153439153,0.16613756613756614,0.1182920726247492
0.6016949152542372,0.6016949152542372,0.4639830508474576,0.1182920726247492
0.7219251336898396,0.7219251336898396,0.2427807486631016,0.1182920726247492
0.5612353567625133,0.5612353567625133,0.5612353567625133,0.1182920726247492
0.7037037037037037,0.7037037037037037,0.3862433862433862,0.1182920726247492
0.6755602988260405,0.6755602988260405,0.5901814300960512,0.1182920726247492
0.5505376344086022,0.5505376344086022,0.1010752688172043,0.1182920726247492
0.6996805111821086,0.6996805111821086,0.6996805111821086,0.1182920726247492
0.5684210526315789,0.5684210526315789,0.43157894736842106,0.1182920726247492
0.6459430979978925,0.6459430979978925,0.47523709167544786,0.1182920726247492
0.44621938232161873,0.4547390841320554,0.06922257720979766,0.1182920726247492
0.528281750266809,0.528281750266809,0.05869797225186766,0.1182920726247492
0.5064377682403434,0.5064377682403434,0.07939914163090128,0.1182920726247492
0.5520833333333334,0.6770833333333334,0.625,0.1182920726247492
0.6354056902002108,0.6354056902002108,0.6354056902002108,0.1182920726247492
0.5424973767051416,0.5928646379853095,0.5928646379853095,0.1182920726247492
0.5408805031446541,0.5408805031446541,0.12578616352201258,0.1182920726247492
0.6260683760683761,0.6260683760683761,0.6260683760683761,0.1182920726247492
0.5112540192926045,0.5112540192926045,0.5112540192926045,0.1182920726247492
0.7507853403141361,0.7507853403141361,0.7507853403141361,0.1182920726247492
0.5889830508474576,0.5889830508474576,0.1440677966101695,0.1182920726247492
0.6080937167199149,0.6080937167199149,0.6080937167199149,0.1182920726247492
0.6673596673596673,0.6673596673596673,0.4261954261954262,0.1182920726247492
0.48936170212765956,0.48936170212765956,0.18085106382978725,0.1182920726247492
0.08663101604278074,0.49732620320855614,0.10374331550802139,0.1182920726247492
0.6004343105320304,0.6677524429967426,0.1791530944625407,0.1182920726247492
0.5791710945802337,0.5791710945802337,0.10945802337938364,0.1182920726247492
0.5291622481442205,0.6436903499469777,0.02014846235418876,0.1182920726247492
0.5690021231422505,0.583864118895966,0.583864118895966,0.1182920726247492
0.4555084745762712,0.4555084745762712,0.3347457627118644,0.1182920726247492
0.5761448349307774,0.5761448349307774,0.17358892438764642,0.1182920726247492
0.7275607180570222,0.7275607180570222,0.11510031678986272,0.1182920726247492
0.6439232409381663,0.6439232409381663,0.43923240938166314,0.1182920726247492
0.7062634989200864,0.7062634989200864,0.5205183585313174,0.1182920726247492
0.5447839831401475,0.5447839831401475,0.27291886195995785,0.1182920726247492
0.6357827476038339,0.6357827476038339,0.6357827476038339,0.1182920726247492
0.6296296296296297,0.6296296296296297,0.2634920634920635,0.1182920726247492
0.6586387434554973,0.6586387434554973,0.019895287958115182,0.1182920726247492
0.6425531914893617,0.6425531914893617,0.03404255319148936,0.1182920726247492
0.4620253164556962,0.4620253164556962,0.1308016877637131,0.09751798093214945
0.40842105263157896,0.4631578947368421,0.391578947368421,0.09751798093214945
0.4852941176470588,0.4852941176470588,0.0861344537815126,0.09751798093214945
0.5598705501618123,0.6051779935275081,0.1930960086299892,0.09751798093214945
0.4183350895679663,0.4183350895679663,0.07481559536354057,0.09751798093214945
0.6149068322981367,0.6149068322981367,0.2712215320910973,0.09751798093214945
0.5260361317747078,0.5260361317747078,0.2603613177470776,0.09751798093214945
0.6316916488222698,0.6316916488222698,0.45610278372591007,0.09751798093214945
0.39037433155080214,0.46737967914438505,0.058823529411764705,0.09751798093214945
0.4312896405919662,0.5644820295983086,0.30655391120507397,0.09751798093214945
0.5860612460401268,0.5860612460401268,0.5269271383315733,0.09751798093214945
0.2690677966101695,0.2690677966101695,0.2033898305084746,0.09751798093214945
0.427061310782241,0.6025369978858351,0.021141649048625793,0.09751798093214945
0.6080084299262382,0.6080084299262382,0.08113804004214963,0.09751798093214945
0.3897216274089936,0.3897216274089936,0.03640256959314775,0.09751798093214945
0.5665961945031712,0.5665961945031712,0.14376321353065538,0.09751798093214945
0.6089266737513284,0.6089266737513284,0.6089266737513284,0.09751798093214945
0.504424778761062,0.504424778761062,0.17699115044247787,0.09751798093214945
0.27388535031847133,0.4692144373673036,0.416135881104034,0.09751798093214945
0.43186582809224316,0.5681341719077568,0.04612159329140461,0.09751798093214945
0.524416135881104,0.524416135881104,0.1613588110403397,0.09751798093214945
0.2922422954303932,0.35812964930924546,0.03719447396386823,0.09751798093214945
0.5945378151260504,0.5945378151260504,0.04411764705882353,0.09751798093214945
0.471898197242842,0.471898197242842,0.14528101802757157,0.09751798093214945
0.5387840670859538,0.5387840670859538,0.11530398322851153,0.09751798093214945
0.5379746835443038,0.5379746835443038,0.27848101265822783,0.09751798093214945
0.3459516298633018,0.3922187171398528,0.3922187171398528,0.09751798093214945
0.4864864864864865,0.4864864864864865,0.029106029106029108,0.09751798093214945
0.4766949152542373,0.4766949152542373,0.23728813559322035,0.09751798093214945
0.5435244161358811,0.5435244161358811,0.29723991507430997,0.09751798093214945
0.6811594202898551,0.6811594202898551,0.6811594202898551,0.09751798093214945
0.29831932773109243,0.5105042016806722,0.21218487394957983,0.09751798093214945
0.40764331210191085,0.505307855626327,0.505307855626327,0.09751798093214945
0.27405857740585776,0.3138075313807531,0.04602510460251046,0.09751798093214945
0.44783983140147526,0.48366701791359323,0.48366701791359323,0.09751798093214945
0.6201716738197425,0.6201716738197425,0.3905579399141631,0.09751798093214945
0.27854855923159016,0.4791889007470651,0.22732123799359658,0.09751798093214945
0.418729817007535,0.4381054897739505,0.356297093649085,0.09751798093214945
0.5181236673773987,0.5181236673773987,0.1044776119402985,0.09751798093214945
0.4531914893617021,0.4531914893617021,0.04468085106382979,0.09751798093214945
0.23223753976670203,0.3955461293743372,0.2831389183457052,0.09751798093214945
0.5484558040468583,0.5484558040468583,0.29499467518636846,0.09751798093214945
0.24919786096256685,0.4053475935828877,0.26844919786096255,0.09751798093214945
0.5387931034482759,0.5387931034482759,0.30387931034482757,0.09751798093214945
0.42245989304812837,0.544385026737968,0.2727272727272727,0.09751798093214945
0.6289308176100629,0.6289308176100629,0.24528301886792453,0.09751798093214945
0.4032085561497326,0.46096256684491976,0.3176470588235294,0.09751798093214945
0.3687566418703507,0.5239107332624867,0.5239107332624867,0.09751798093214945
0.6004206098843323,0.6004206098843323,0.22187171398527866,0.09751798093214945
0.6471838469713072,0.6471838469713072,0.0010626992561105207,0.09751798093214945
0.3726315789473684,0.3726315789473684,0.042105263157894736,0.07597930535458572
0.4634146341463415,0.4634146341463415,0.02863202545068929,0.07597930535458572
0.3936842105263158,0.3936842105263158,0.14105263157894737,0.07597930535458572
0.4227467811158798,0.4227467811158798,0.07296137339055794,0.07597930535458572
0.4092827004219409,0.4092827004219409,0.23839662447257384,0.07597930535458572
0.45588235294117646,0.45588235294117646,0.058823529411764705,0.07597930535458572
0.3107822410147992,0.39957716701902746,0.39957716701902746,0.07597930535458572
0.6594827586206896,0.6594827586206896,0.6594827586206896,0.07597930535458572
0.22795698924731184,0.40860215053763443,0.24731182795698925,0.07597930535458572
0.4555084745762712,0.4555084745762712,0.1504237288135593,0.07597930535458572
0.5057833859095688,0.5057833859095688,0.15247108307045215,0.07597930535458572
0.2402116402116402,0.2656084656084656,0.14074074074074075,0.07597930535458572
0.4158730158730159,0.4158730158730159,0.06666666666666667,0.07597930535458572
0.4337221633085896,0.46129374337221635,0.043478260869565216,0.07597930535458572
0.400213447171825,0.400213447171825,0.19957310565635006,0.07597930535458572
0.6004250797024442,0.6004250797024442,0.3432518597236982,0.07597930535458572
0.4495217853347503,0.6174282678002125,0.14558979808714134,0.07597930535458572
0.44372294372294374,0.44372294372294374,0.04112554112554113,0.07597930535458572
0.3432518597236982,0.4112646121147715,0.09458023379383634,0.07597930535458572
0.38753959873284055,0.38753959873284055,0.022175290390707498,0.07597930535458572
0.4904051172707889,0.4904051172707889,0.08528784648187633,0.07597930535458572
0.3483386923901393,0.3483386923901393,0.17041800643086816,0.07597930535458572
0.3298097251585624,0.4186046511627907,0.3298097251585624,0.07597930535458572
0.34177215189873417,0.3881856540084388,0.3881856540084388,0.07597930535458572
0.321390937829294,0.38672286617492097,0.04741833508956796,0.07597930535458572
0.48680042238648363,0.5311510031678986,0.07708553326293559,0.07597930535458572
0.523109243697479,0.523109243697479,0.031512605042016806,0.07597930535458572
0.5212435233160622,0.5212435233160622,0.34922279792746114,0.07597930535458572
0.2824919441460795,0.2824919441460795,0.15574650912996776,0.07597930535458572
0.4574468085106383,0.4574468085106383,0.10851063829787234,0.07597930535458572
0.3396029258098224,0.37513061650992685,0.37513061650992685,0.07597930535458572
0.16877637130801687,0.379746835443038,0.06962025316455696,0.07597930535458572
0.33617929562433296,0.33617929562433296,0.33617929562433296,0.07597930535458572
0.4174553101997897,0.4174553101997897,0.024185068349106203,0.07597930535458572
0.4394904458598726,0.4394904458598726,0.08067940552016985,0.07597930535458572
0.21389793702497287,0.31813246471226925,0.009771986970684038,0.07597930535458572
0.44195953141640043,0.44195953141640043,0.14376996805111822,0.07597930535458572
0.5541264737406216,0.5541264737406216,0.13612004287245444,0.07597930535458572
0.15080213903743314,0.4310160427807487,0.09946524064171124,0.07597930535458572
0.3396825396825397,0.3396825396825397,0.12804232804232804,0.07597930535458572
0.3991507430997877,0.43312101910828027,0.02335456475583864,0.07597930535458572
0.5121436114044351,0.5121436114044351,0.20802534318901794,0.07597930535458572
0.2823779193205945,0.2823779193205945,0.04246284501061571,0.07597930535458572
0.49678800856531047,0.49678800856531047,0.13276231263383298,0.07597930535458572
0.41264737406216506,0.41264737406216506,0.11682743837084673,0.07597930535458572
0.3877118644067797,0.3877118644067797,0.11652542372881355,0.07597930535458572
0.2946145723336853,0.3727560718057022,0.2122492080253432,0.07597930535458572
0.5068493150684932,0.5068493150684932,0.4183350895679663,0.07597930535458572
0.4693446088794926,0.4693446088794926,0.0824524312896406,0.07597930535458572
0.6123535676251332,0.6123535676251332,0.3844515441959531,0.07597930535458572
0.06118143459915612,0.30168776371308015,0.023206751054852322,0.0536330441567299
0.255863539445629,0.3326226012793177,0.10021321961620469,0.0536330441567299
0.3830010493179433,0.3830010493179433,0.15424973767051417,0.0536330441567299
0.34768568353067814,0.4747039827771798,0.06996770721205597,0.0536330441567299
0.13738019169329074,0.3503727369542066,0.15654952076677317,0.0536330441567299
0.3538135593220339,0.3538135593220339,0.3538135593220339,0.0536330441567299
0.4535752401280683,0.4535752401280683,0.035218783351120594,0.0536330441567299
0.40085287846481876,0.40085287846481876,0.3752665245202559,0.0536330441567299
0.23126338329764454,0.2890792291220557,0.027837259100642397,0.0536330441567299
0.4336842105263158,0.4336842105263158,0.0863157894736842,0.0536330441567299
0.5162986330178759,0.5162986330178759,0.4237644584647739,0.0536330441567299
0.27424400417101147,0.27424400417101147,0.23879040667361837,0.0536330441567299
0.44761904761904764,0.44761904761904764,0.3164021164021164,0.0536330441567299
0.4475374732334047,0.4475374732334047,0.03640256959314775,0.0536330441567299
0.267515923566879,0.267515923566879,0.10191082802547771,0.0536330441567299
0.32694355697550587,0.38232161874334397,0.21405750798722045,0.0536330441567299
0.36989247311827955,0.36989247311827955,0.0064516129032258064,0.0536330441567299
0.27116827438370844,0.27116827438370844,0.22615219721329047,0.0536330441567299
0.21398305084745764,0.3411016949152542,0.08686440677966102,0.0536330441567299
0.2890792291220557,0.35974304068522484,0.2826552462526767,0.0536330441567299
0.35250266240681577,0.35250266240681577,0.02023429179978701,0.0536330441567299
0.2106951871657754,0.3155080213903743,0.07379679144385026,0.0536330441567299
0.2996777658431794,0.4414607948442535,0.10848549946294307,0.0536330441567299
0.4430379746835443,0.4430379746835443,0.10337552742616034,0.0536330441567299
0.3618352450469239,0.5766423357664233,0.10114702815432743,0.0536330441567299
0.3726315789473684,0.39789473684210525,0.14736842105263157,0.0536330441567299
0.31650893796004204,0.31650893796004204,0.2555205047318612,0.0536330441567299
0.4744525547445255,0.4744525547445255,0.061522419186652764,0.0536330441567299
0.30858960763520676,0.33191940615058324,0.2725344644750795,0.0536330441567299
0.33544973544973544,0.33544973544973544,0.03492063492063492,0.0536330441567299
0.5099476439790576,0.5099476439790576,0.3089005235602094,0.0536330441567299
0.13829787234042554,0.32553191489361705,0.006382978723404255,0.0536330441567299
0.3240343347639485,0.3240343347639485,0.15021459227467812,0.0536330441567299
0.3220338983050847,0.3220338983050847,0.18008474576271186,0.0536330441567299
0.26439232409381663,0.3624733475479744,0.021321961620469083,0.0536330441567299
0.4205405405405405,0.4205405405405405,0.0745945945945946,0.0536330441567299
0.15210355987055016,0.32038834951456313,0.02481121898597627,0.0536330441567299
0.3433799784714747,0.3627556512378902,0.08288482238966631,0.0536330441567299
0.4129032258064516,0.4129032258064516,0.12043010752688173,0.0536330441567299
0.3925925925925926,0.3925925925925926,0.015873015873015872,0.0536330441567299
0.2978723404255319,0.4127659574468085,0.23191489361702128,0.0536330441567299
0.11814345991561181,0.3080168776371308,0.3080168776371308,0.0536330441567299
0.34049409237379163,0.34049409237379163,0.05692803437164339,0.0536330441567299
0.36324786324786323,0.36324786324786323,0.13675213675213677,0.0536330441567299
0.36637931034482757,0.36637931034482757,0.0021551724137931034,0.0536330441567299
0.35873015873015873,0.35873015873015873,0.04338624338624339,0.0536330441567299
0.28121606948968514,0.30727470141150925,0.18566775244299674,0.0536330441567299
0.22844827586206898,0.30387931034482757,0.05818965517241379,0.0536330441567299
0.4354669464847849,0.4354669464847849,0.00944386149003148,0.0536330441567299
0.41324921135646686,0.4174553101997897,0.25341745531019977,0.0536330441567299
0.26439232409381663,0.26439232409381663,0.10874200426439233,0.030432909322134438
0.23578947368421052,0.26105263157894737,0.2168421052631579,0.030432909322134438
0.2336842105263158,0.23789473684210527,0.14736842105263157,0.030432909322134438
0.2727272727272727,0.3732620320855615,0.1657754010695187,0.030432909322134438
0.3044397463002114,0.3044397463002114,0.080338266384778,0.030432909322134438
0.17770767613038907,0.29547844374342797,0.0935856992639327,0.030432909322134438
0.3468085106382979,0.3468085106382979,0.07872340425531915,0.030432909322134438
0.3870625662778367,0.3870625662778367,0.12407211028632026,0.030432909322134438
0.41810344827586204,0.41810344827586204,0.0603448275862069,0.030432909322134438
0.3670886075949367,0.3670886075949367,0.05485232067510549,0.030432909322134438
0.18018967334035826,0.30453108535300316,0.11696522655426765,0.030432909322134438
0.3130252100840336,0.3130252100840336,0.06932773109243698,0.030432909322134438
0.36470588235294116,0.4267379679144385,0.11016042780748662,0.030432909322134438
0.44195953141640043,0.44195953141640043,0.024494142705005325,0.030432909322134438
0.12340425531914893,0.24468085106382978,0.09574468085106383,0.030432909322134438
0.2513144058885384,0.2744479495268139,0.05152471083070452,0.030432909322134438
0.23093447905477982,0.3447905477980666,0.0719656283566058,0.030432909322134438
0.12864864864864864,0.31891891891891894,0.1891891891891892,0.030432909322134438
0.346031746031746,0.346031746031746,0.15767195767195769,0.030432909322134438
0.17647058823529413,0.27058823529411763,0.04385026737967915,0.030432909322134438
0.23698193411264612,0.23698193411264612,0.09458023379383634,0.030432909322134438
0.2088607594936709,0.21308016877637131,0.13291139240506328,0.030432909322134438
0.2574468085106383,0.33191489361702126,0.33191489361702126,0.030432909322134438
0.17321997874601489,0.37300743889479276,0.1944739638682253,0.030432909322134438
0.23597883597883598,0.2698412698412698,0.07724867724867725,0.030432909322134438
0.2946145723336853,0.2946145723336853,0.03695881731784583,0.030432909322134438
0.35789473684210527,0.35789473684210527,0.04631578947368421,0.030432909322134438
0.23284823284823286,0.3097713097713098,0.13097713097713098,0.030432909322134438
0.3468516542155816,0.3468516542155816,0.10352187833511206,0.030432909322134438
0.12941176470588237,0.23850267379679144,0.06737967914438503,0.030432909322134438
0.1537645811240721,0.3297985153764581,0.29374337221633084,0.030432909322134438
0.1843220338983051,0.2584745762711864,0.059322033898305086,0.030432909322134438
0.3574468085106383,0.3574468085106383,0.08936170212765958,0.030432909322134438
0.1368421052631579,0.32842105263157895,0.04421052631578947,0.030432909322134438
0.3881856540084388,0.3881856540084388,0.05907172995780591,0.030432909322134438
0.12903225806451613,0.24516129032258063,0.05806451612903226,0.030432909322134438
0.09913793103448276,0.3793103448275862,0.1961206896551724,0.030432909322134438
0.33405172413793105,0.33405172413793105,0.11853448275862069,0.030432909322134438
0.23931623931623933,0.297008547008547,0.027777777777777776,0.030432909322134438
0.10775862068965517,0.2435344827586207,0.11422413793103449,0.030432909322134438
0.13621964097148892,0.30095036958817317,0.11298838437170011,0.030432909322134438
0.1461864406779661,0.2733050847457627,0.048728813559322036,0.030432909322134438
0.2345415778251599,0.27505330490405117,0.042643923240938165,0.030432909322134438
0.2492046659597031,0.2704135737009544,0.03923647932131495,0.030432909322134438
0.15319148936170213,0.28936170212765955,0.1148936170212766,0.030432909322134438
0.1248688352570829,0.2801678908709339,0.2801678908709339,0.030432909322134438
0.23758099352051837,0.2980561555075594,0.09503239740820735,0.030432909322134438
0.08764519535374868,0.26504751847940866,0.07708553326293559,0.030432909322134438
0.11740041928721175,0.3438155136268344,0.041928721174004195,0.030432909322134438
0.41452991452991456,0.41452991452991456,0.00641025641025641,0.030432909322134438
0.18067226890756302,0.18067226890756302,0.07983193277310924,0.0063290065081479385
0.2222222222222222,0.24145299145299146,0.06623931623931624,0.0063290065081479385
0.20798319327731093,0.23109243697478993,0.031512605042016806,0.0063290065081479385
0.34968017057569295,0.34968017057569295,0.14498933901918976,0.0063290065081479385
0.1792152704135737,0.25344644750795337,0.25344644750795337,0.0063290065081479385
0.27061310782241016,0.27061310782241016,0.008456659619450317,0.0063290065081479385
0.1851063829787234,0.23617021276595745,0.04042553191489362,0.0063290065081479385
0.2951351351351351,0.3837837837837838,0.11567567567567567,0.0063290065081479385
0.13606911447084233,0.26997840172786175,0.09503239740820735,0.0063290065081479385
0.21766561514195584,0.2996845425867508,0.21766561514195584,0.0063290065081479385
0.31901181525241673,0.3297529538131042,0.2588614393125671,0.0063290065081479385
0.11322751322751323,0.25502645502645505,0.02857142857142857,0.0063290065081479385
0.23223753976670203,0.23647932131495228,0.1283138918345705,0.0063290065081479385
0.30406852248394006,0.33190578158458245,0.2012847965738758,0.0063290065081479385
0.13708820403825717,0.2518597236981934,0.07970244420828905,0.0063290065081479385
0.2748414376321353,0.2748414376321353,0.035940803382663845,0.0063290065081479385
0.1948608137044968,0.2334047109207709,0.10278372591006424,0.0063290065081479385
0.13976164680390032,0.20693391115926327,0.07475622968580715,0.0063290065081479385
0.2537313432835821,0.29850746268656714,0.11087420042643924,0.0063290065081479385
0.21951219512195122,0.22375397667020147,0.1071049840933192,0.0063290065081479385
0.1906283280085197,0.2417465388711395,0.08413205537806177,0.0063290065081479385
0.16436903499469777,0.3255567338282078,0.01166489925768823,0.0063290065081479385
0.16279069767441862,0.33192389006342493,0.08456659619450317,0.0063290065081479385
0.19275825346112885,0.23322683706070288,0.04153354632587859,0.0063290065081479385
0.2616033755274262,0.3270042194092827,0.04219409282700422,0.0063290065081479385
0.3141640042598509,0.3141640042598509,0.12247071352502663,0.0063290065081479385
0.17103882476390347,0.2864637985309549,0.1584470094438615,0.0063290065081479385
0.19746568109820486,0.2988384371700106,0.0010559662090813093,0.0063290065081479385
0.2209178228388474,0.2486659551760939,0.035218783351120594,0.0063290065081479385
0.16224814422057265,0.1919406150583245,0.04984093319194061,0.0063290065081479385
0.20376175548589343,0.30616509926854757,0.05956112852664577,0.0063290065081479385
0.32545649838882923,0.32545649838882923,0.1514500537056928,0.0063290065081479385
0.07758620689655173,0.2413793103448276,0.040948275862068964,0.0063290065081479385
0.14736842105263157,0.2063157894736842,0.06526315789473684,0.0063290065081479385
0.1647183846971307,0.24335812964930925,0.08607863974495218,0.0063290065081479385
0.0721205597416577,0.2271259418729817,0.15177610333692143,0.0063290065081479385
0.24758842443729903,0.24758842443729903,0.1532690246516613,0.0063290065081479385
0.08917197452229299,0.208067940552017,0.040339702760084924,0.0063290065081479385
0.1232583065380493,0.24115755627009647,0.020364415862808145,0.0063290065081479385
0.2521186440677966,0.2521186440677966,0.11228813559322035,0.0063290065081479385
0.23258306538049303,0.2904608788853162,0.05466237942122187,0.0063290065081479385
0.256059009483667,0.2792413066385669,0.23498419388830347,0.0063290065081479385
0.18890074706510138,0.2934898612593383,0.01814300960512273,0.0063290065081479385
0.26552462526766596,0.3683083511777302,0.034261241970021415,0.0063290065081479385
0.2,0.2086021505376344,0.13978494623655913,0.0063290065081479385
0.1953781512605042,0.24579831932773108,0.05042016806722689,0.0063290065081479385
0.326775956284153,0.326775956284153,0.09726775956284153,0.0063290065081479385
0.08050847457627118,0.2288135593220339,0.0614406779661017,0.0063290065081479385
0.11158342189160468,0.3198724760892667,0.08820403825717323,0.0063290065081479385
0.20464135021097046,0.2616033755274262,0.02109704641350211,0.0063290065081479385
0.16259298618490967,0.2157279489904357,0.003188097768331562,-0.01873252314449808
0.1841541755888651,0.18629550321199143,0.07494646680942184,-0.01873252314449808
0.2,0.2275132275132275,0.0582010582010582,-0.01873252314449808
0.35490830636461707,0.35490830636461707,0.011866235167206042,-0.01873252314449808
0.11652542372881355,0.21610169491525424,0.059322033898305086,-0.01873252314449808
0.3368532206969377,0.3368532206969377,0.04751847940865892,-0.01873252314449808
0.08955223880597014,0.19829424307036247,0.057569296375266525,-0.01873252314449808
0.24786324786324787,0.26495726495726496,0.16452991452991453,-0.01873252314449808
0.17545748116254037,0.2163616792249731,0.09364908503767493,-0.01873252314449808
0.21898597626752966,0.2513484358144552,0.12405609492988134,-0.01873252314449808
0.09110169491525423,0.1885593220338983,0.09110169491525423,-0.01873252314449808
0.13836477987421383,0.15723270440251572,0.10482180293501048,-0.01873252314449808
0.2094017094017094,0.2094017094017094,0.027777777777777776,-0.01873252314449808
0.09225874867444327,0.21951219512195122,0.13467656415694593,-0.01873252314449808
0.12606837606837606,0.19230769230769232,0.014957264957264958,-0.01873252314449808
0.16701902748414377,0.19238900634249473,0.09936575052854123,-0.01873252314449808
0.16560509554140126,0.267515923566879,0.15074309978768577,-0.01873252314449808
0.11521739130434783,0.16956521739130434,0.013043478260869565,-0.01873252314449808
0.23799359658484526,0.23799359658484526,0.16969050160085378,-0.01873252314449808
0.07545164718384698,0.20085015940488843,0.04994686503719448,-0.01873252314449808
0.08431163287086446,0.23159018143009605,0.11419423692636073,-0.01873252314449808
0.1734475374732334,0.1734475374732334,0.006423982869379015,-0.01873252314449808
0.09795479009687837,0.3326157158234661,0.10441334768568353,-0.01873252314449808
0.17954070981210857,0.21085594989561587,0.1127348643006263,-0.01873252314449808
0.3031578947368421,0.3031578947368421,0.023157894736842106,-0.01873252314449808
0.24604012671594508,0.24604012671594508,0.03695881731784583,-0.01873252314449808
0.04219409282700422,0.18143459915611815,0.08649789029535865,-0.01873252314449808
0.2533889468196038,0.2533889468196038,0.005213764337851929,-0.01873252314449808
0.12594187298170076,0.1302475780409042,0.1216361679224973,-0.01873252314449808
0.20464135021097046,0.20464135021097046,0.029535864978902954,-0.01873252314449808
0.1932418162618796,0.27771911298838436,0.0559662090813094,-0.01873252314449808
0.1940928270042194,0.3206751054852321,0.004219409282700422,-0.01873252314449808
0.10874200426439233,0.19829424307036247,0.14072494669509594,-0.01873252314449808
0.1297071129707113,0.2594142259414226,0.03347280334728033,-0.01873252314449808
0.2966101694915254,0.2966101694915254,0.08686440677966102,-0.01873252314449808
0.18032786885245902,0.18032786885245902,0.07103825136612021,-0.01873252314449808
0.19872476089266738,0.2051009564293305,0.06907545164718384,-0.01873252314449808
0.21420882669537136,0.2981700753498385,0.07642626480086114,-0.01873252314449808
0.2296137339055794,0.2446351931330472,0.027896995708154508,-0.01873252314449808
0.09129511677282377,0.2208067940552017,0.06157112526539278,-0.01873252314449808
0.3066385669125395,0.3066385669125395,0.07060063224446786,-0.01873252314449808
0.09808102345415778,0.19402985074626866,0.11513859275053305,-0.01873252314449808
0.07270811380400422,0.2160168598524763,0.07481559536354057,-0.01873252314449808
0.1388888888888889,0.26495726495726496,0.057692307692307696,-0.01873252314449808
0.22732123799359658,0.2678762006403415,0.08431163287086446,-0.01873252314449808
0.21527041357370094,0.21527041357370094,0.05832449628844114,-0.01873252314449808
0.06666666666666667,0.1737704918032787,0.03169398907103825,-0.01873252314449808
0.049214659685863874,0.1643979057591623,0.12041884816753927,-0.01873252314449808
0.2544502617801047,0.2544502617801047,0.02617801047120419,-0.01873252314449808
0.211864406779661,0.23516949152542374,0.07627118644067797,-0.01873252314449808
0.2249208025343189,0.2249208025343189,0.011615628299894404,-0.044809904759112174
0.07966457023060797,0.1928721174004193,0.18029350104821804,-0.044809904759112174
0.2113564668769716,0.2113564668769716,0.0452155625657203,-0.044809904759112174
0.15086206896551724,0.19827586206896552,0.036637931034482756,-0.044809904759112174
0.10460251046025104,0.16736401673640167,0.1108786610878661,-0.044809904759112174
0.14074074074074075,0.3164021164021164,0.14497354497354498,-0.044809904759112174
0.2046908315565032,0.2046908315565032,0.019189765458422176,-0.044809904759112174
0.22629310344827586,0.23060344827586207,0.03017241379310345,-0.044809904759112174
0.148068669527897,0.19098712446351931,0.04935622317596566,-0.044809904759112174
0.1945031712473573,0.21775898520084566,0.048625792811839326,-0.044809904759112174
0.23799359658484526,0.23799359658484526,0.08004268943436499,-0.044809904759112174
0.16861081654294804,0.16861081654294804,0.007423117709437964,-0.044809904759112174
0.17534537725823593,0.27948990435706694,0.020191285866099893,-0.044809904759112174
0.24786324786324787,0.25,0.038461538461538464,-0.044809904759112174
0.16774193548387098,0.24301075268817204,0.0,-0.044809904759112174
0.16985138004246284,0.20169851380042464,0.0,-0.044809904759112174
0.25054466230936817,0.25054466230936817,0.032679738562091505,-0.044809904759112174
0.2596685082872928,0.2596685082872928,0.06077348066298342,-0.044809904759112174
0.05894962486602358,0.24758842443729903,0.1639871382636656,-0.044809904759112174
0.1099476439790576,0.16020942408376965,0.12460732984293194,-0.044809904759112174
0.1422550052687039,0.1612223393045311,0.05374077976817703,-0.044809904759112174
0.14316239316239315,0.14316239316239315,0.0,-0.044809904759112174
0.23485653560042508,0.23698193411264612,0.020191285866099893,-0.044809904759112174
0.12513144058885384,0.24079915878023134,0.08307045215562565,-0.044809904759112174
0.23819517313746066,0.23819517313746066,0.040923399790136414,-0.044809904759112174
0.1308016877637131,0.22362869198312235,0.046413502109704644,-0.044809904759112174
0.2276595744680851,0.2276595744680851,0.002127659574468085,-0.044809904759112174
0.07430997876857749,0.2356687898089172,0.027600849256900213,-0.044809904759112174
0.12340425531914893,0.20851063829787234,0.09574468085106383,-0.044809904759112174
0.18172157279489903,0.19234856535600425,0.13283740701381508,-0.044809904759112174
0.1722689075630252,0.19117647058823528,0.0273109243697479,-0.044809904759112174
0.14376996805111822,0.25878594249201275,0.043663471778487756,-0.044809904759112174
0.11983032873807,0.28101802757158006,0.07953340402969247,-0.044809904759112174
0.1612223393045311,0.18651211801896733,0.1464699683877766,-0.044809904759112174
0.15286624203821655,0.19745222929936307,0.02335456475583864,-0.044809904759112174
0.10085836909871244,0.1609442060085837,0.06652360515021459,-0.044809904759112174
0.183585313174946,0.24190064794816415,0.1101511879049676,-0.044809904759112174
0.20565832426550598,0.21218715995647444,0.12295973884657237,-0.044809904759112174
0.12169312169312169,0.19153439153439153,0.03492063492063492,-0.044809904759112174
0.06976744186046512,0.17758985200845667,0.019027484143763214,-0.044809904759112174
0.1316348195329087,0.16348195329087048,0.036093418259023353,-0.044809904759112174
0.21451440768409819,0.21664887940234792,0.033084311632870865,-0.044809904759112174
0.27405857740585776,0.27405857740585776,0.043933054393305436,-0.044809904759112174
0.16293929712460065,0.18423855165069222,0.03301384451544196,-0.044809904759112174
0.2170212765957447,0.2170212765957447,0.10638297872340426,-0.044809904759112174
0.13283740701381508,0.2454835281615303,0.04782146652497343,-0.044809904759112174
0.16004296455424274,0.18796992481203006,0.00322234156820623,-0.044809904759112174
0.16436903499469777,0.19406150583244963,0.06680805938494168,-0.044809904759112174
0.08148148148148149,0.17037037037037037,0.05185185185185185,-0.044809904759112174
0.12941176470588237,0.2748663101604278,0.013903743315508022,-0.044809904759112174
0.17167381974248927,0.17167381974248927,0.030042918454935622,-0.07196618133474475
0.17547568710359407,0.17547568710359407,0.03171247357293869,-0.07196618133474475
0.1431578947368421,0.20842105263157895,0.02526315789473684,-0.07196618133474475
0.059957173447537475,0.21413276231263384,0.05139186295503212,-0.07196618133474475
0.11814345991561181,0.17932489451476794,0.0189873417721519,-0.07196618133474475
0.12804232804232804,0.19576719576719576,0.047619047619047616,-0.07196618133474475
0.21405750798722045,0.21405750798722045,0.0010649627263045794,-0.07196618133474475
0.11375947995666305,0.24593716143011918,0.13976164680390032,-0.07196618133474475
0.1443850267379679,0.17647058823529413,0.016042780748663103,-0.07196618133474475
0.21822033898305085,0.2288135593220339,0.11652542372881355,-0.07196618133474475
0.16561844863731656,0.17819706498951782,0.016771488469601678,-0.07196618133474475
0.1040339702760085,0.18259023354564755,0.012738853503184714,-0.07196618133474475
0.13559322033898305,0.2245762711864407,0.08898305084745763,-0.07196618133474475
0.0367170626349892,0.17062634989200864,0.09071274298056156,-0.07196618133474475
0.21776814734561215,0.21776814734561215,0.10509209100758396,-0.07196618133474475
0.030752916224814422,0.20254506892895016,0.04984093319194061,-0.07196618133474475
0.16436903499469777,0.32343584305408274,0.032873806998939555,-0.07196618133474475
0.14193548387096774,0.16129032258064516,0.06451612903225806,-0.07196618133474475
0.0745945945945946,0.19567567567567568,0.057297297297297295,-0.07196618133474475
0.14495798319327732,0.17016806722689076,0.023109243697478993,-0.07196618133474475
0.23689727463312368,0.23689727463312368,0.08385744234800839,-0.07196618133474475
0.22378378378378377,0.22378378378378377,0.014054054054054054,-0.07196618133474475
0.11721224920802534,0.2016895459345301,0.04329461457233368,-0.07196618133474475
0.17659574468085107,0.17659574468085107,0.09787234042553192,-0.07196618133474475
0.08148148148148149,0.19788359788359788,0.03492063492063492,-0.07196618133474475
0.10160427807486631,0.1893048128342246,0.06096256684491978,-0.07196618133474475
0.18354430379746836,0.18354430379746836,0.06751054852320675,-0.07196618133474475
0.17057569296375266,0.24520255863539445,0.0042643923240938165,-0.07196618133474475
0.09859154929577464,0.2112676056338028,0.059588299024918745,-0.07196618133474475
0.14255765199161424,0.14255765199161424,0.10482180293501048,-0.07196618133474475
0.16913319238900634,0.22410147991543342,0.0021141649048625794,-0.07196618133474475
0.20641711229946524,0.22566844919786097,0.08663101604278074,-0.07196618133474475
0.12311015118790497,0.19438444924406048,0.02591792656587473,-0.07196618133474475
0.18401682439537329,0.18401682439537329,0.11251314405888538,-0.07196618133474475
0.1906283280085197,0.21831735889243875,0.009584664536741214,-0.07196618133474475
0.04782608695652174,0.14565217391304347,0.05652173913043478,-0.07196618133474475
0.28342245989304815,0.28342245989304815,0.01818181818181818,-0.07196618133474475
0.15106382978723404,0.2297872340425532,0.04042553191489362,-0.07196618133474475
0.2068230277185501,0.23880597014925373,0.021321961620469083,-0.07196618133474475
0.0870488322717622,0.22505307855626328,0.044585987261146494,-0.07196618133474475
0.18723404255319148,0.18723404255319148,0.06808510638297872,-0.07196618133474475
0.18025751072961374,0.20815450643776823,0.12875536480686695,-0.07196618133474475
0.10991379310344827,0.14439655172413793,0.04310344827586207,-0.07196618133474475
0.06423982869379015,0.15631691648822268,0.02569593147751606,-0.07196618133474475
0.07807486631016043,0.21497326203208555,0.0074866310160427805,-0.07196618133474475
0.12076271186440678,0.18220338983050846,0.07838983050847458,-0.07196618133474475
0.13691128148959475,0.1851040525739321,0.027382256297918947,-0.07196618133474475
0.18658280922431866,0.18658280922431866,0.04612159329140461,-0.07196618133474475
0.12434691745036573,0.20167189132706373,0.055381400208986416,-0.07196618133474475
0.26147278548559233,0.26147278548559233,0.030949839914621132,-0.07196618133474475
0.08342133051742344,0.15945089757127773,0.030623020063357972,-0.1002697225952815
0.16012725344644752,0.16012725344644752,0.013785790031813362,-0.1002697225952815
0.12684989429175475,0.20084566596194503,0.014799154334038054,-0.1002697225952815
0.006382978723404255,0.19574468085106383,0.05531914893617021,-0.1002697225952815
0.1276595744680851,0.17659574468085107,0.00425531914893617,-0.1002697225952815
0.17883597883597885,0.17883597883597885,0.030687830687830688,-0.1002697225952815
0.1694915254237288,0.1885593220338983,0.025423728813559324,-0.1002697225952815
0.07974137931034483,0.23275862068965517,0.07758620689655173,-0.1002697225952815
0.2398286937901499,0.2398286937901499,0.021413276231263382,-0.1002697225952815
0.03273495248152059,0.19535374868004224,0.013727560718057022,-0.1002697225952815
0.17497348886532343,0.1919406150583245,0.088016967126193,-0.1002697225952815
0.07074973600844774,0.14889123548046462,0.07708553326293559,-0.1002697225952815
0.19618239660657477,0.19618239660657477,0.005302226935312832,-0.1002697225952815
0.1348435814455232,0.13915857605177995,0.0010787486515641855,-0.1002697225952815
0.06852248394004283,0.18843683083511778,0.145610278372591,-0.1002697225952815
0.16004296455424274,0.16433941997851773,0.04189044038668099,-0.1002697225952815
0.1277056277056277,0.23160173160173161,0.08225108225108226,-0.1002697225952815
0.15800865800865802,0.15800865800865802,0.02813852813852814,-0.1002697225952815
0.14285714285714285,0.14285714285714285,0.008528784648187633,-0.1002697225952815
0.07953340402969247,0.13891834570519618,0.05620360551431601,-0.1002697225952815
0.07545164718384698,0.15834218916046758,0.06482465462274177,-0.1002697225952815
0.0824524312896406,0.17758985200845667,0.010570824524312896,-0.1002697225952815
0.14498933901918976,0.17697228144989338,0.029850746268656716,-0.1002697225952815
0.23585912486659552,0.23585912486659552,0.1568836712913554,-0.1002697225952815
0.16332982086406744,0.16332982086406744,0.05795574288724974,-0.1002697225952815
0.08764519535374868,0.18268215417106654,0.06441393875395987,-0.1002697225952815
0.13061650992685475,0.1452455590386625,0.05956112852664577,-0.1002697225952815
0.09956709956709957,0.18398268398268397,0.049783549783549784,-0.1002697225952815
0.057815845824411134,0.12633832976445397,0.047109207708779445,-0.1002697225952815
0.058572949946751864,0.16932907348242812,0.0010649627263045794,-0.1002697225952815
0.17386722866174922,0.2328767123287671,0.015806111696522657,-0.1002697225952815
0.08492569002123142,0.2653927813163482,0.18259023354564755,-0.1002697225952815
0.16542155816435433,0.16542155816435433,0.02454642475987193,-0.1002697225952815
0.04811715481171548,0.15481171548117154,0.0,-0.1002697225952815
0.09643605870020965,0.13626834381551362,0.025157232704402517,-0.1002697225952815
0.07227615965480043,0.1715210355987055,0.018338727076591153,-0.1002697225952815
0.12405609492988134,0.15210355987055016,0.005393743257820928,-0.1002697225952815
0.09368191721132897,0.22004357298474944,0.017429193899782137,-0.1002697225952815
0.11922663802363051,0.16433941997851773,0.08700322234156821,-0.1002697225952815
0.07886435331230283,0.20294426919032596,0.028391167192429023,-0.1002697225952815
0.07610993657505286,0.20718816067653276,0.008456659619450317,-0.1002697225952815
0.17350157728706625,0.17350157728706625,0.030494216614090432,-0.1002697225952815
0.12526539278131635,0.1316348195329087,0.055201698513800426,-0.1002697225952815
0.09307359307359307,0.18398268398268397,0.0021645021645021645,-0.1002697225952815
0.07987220447284345,0.1501597444089457,0.02875399361022364,-0.1002697225952815
0.17350157728706625,0.17350157728706625,0.09568874868559411,-0.1002697225952815
0.11278195488721804,0.19871106337271752,0.00322234156820623,-0.1002697225952815
0.06289308176100629,0.20754716981132076,0.20754716981132076,-0.1002697225952815
0.1376734258271078,0.1526147278548559,0.0736392742796158,-0.1002697225952815
0.05832449628844114,0.17073170731707318,0.007423117709437964,-0.1002697225952815
0.11231101511879049,0.11231101511879049,0.0064794816414686825,-0.12979479972189345
0.13953488372093023,0.13953488372093023,0.06553911205073996,-0.12979479972189345
0.10157068062827225,0.12041884816753927,0.019895287958115182,-0.12979479972189345
0.10498409331919406,0.1474019088016967,0.03711558854718982,-0.12979479972189345
0.1474019088016967,0.20042417815482502,0.07953340402969247,-0.12979479972189345
0.10970464135021098,0.17721518987341772,0.05063291139240506,-0.12979479972189345
0.08649789029535865,0.16666666666666666,0.0189873417721519,-0.12979479972189345
0.11464968152866242,0.16772823779193205,0.006369426751592357,-0.12979479972189345
0.16219119226638024,0.16219119226638024,0.0053705692803437165,-0.12979479972189345
0.22008547008547008,0.22008547008547008,0.021367521367521368,-0.12979479972189345
0.15935828877005348,0.23422459893048128,0.13796791443850268,-0.12979479972189345
0.07805907172995781,0.14978902953586498,0.0189873417721519,-0.12979479972189345
0.08130939809926083,0.1446673706441394,0.08764519535374868,-0.12979479972189345
0.16913319238900634,0.16913319238900634,0.05919661733615222,-0.12979479972189345
0.0737073707370737,0.1397139713971397,0.0297029702970297,-0.12979479972189345
0.09663865546218488,0.11764705882352941,0.018907563025210083,-0.12979479972189345
0.01935483870967742,0.14838709677419354,0.05161290322580645,-0.12979479972189345
0.1532690246516613,0.15541264737406216,0.020364415862808145,-0.12979479972189345
0.19527896995708155,0.19527896995708155,0.06652360515021459,-0.12979479972189345
0.12539515279241306,0.13171759747102213,0.08535300316122234,-0.12979479972189345
0.07348242811501597,0.1288604898828541,0.009584664536741214,-0.12979479972189345
0.06922257720979766,0.15654952076677317,0.15654952076677317,-0.12979479972189345
0.21166306695464362,0.21166306695464362,0.05183585313174946,-0.12979479972189345
0.18789144050104384,0.18997912317327767,0.07515657620041753,-0.12979479972189345
0.12447257383966245,0.1518987341772152,0.052742616033755275,-0.12979479972189345
0.07561235356762513,0.11395101171458999,0.07135250266240682,-0.12979479972189345
0.1861198738170347,0.1861198738170347,0.10620399579390116,-0.12979479972189345
0.19198312236286919,0.19198312236286919,0.02531645569620253,-0.12979479972189345
0.16844349680170576,0.18763326226012794,0.01279317697228145,-0.12979479972189345
0.07249466950959488,0.13219616204690832,0.021321961620469083,-0.12979479972189345
0.16259298618490967,0.16259298618490967,0.009564293304994687,-0.12979479972189345
0.10052910052910052,0.2021164021164021,0.04126984126984127,-0.12979479972189345
0.11134903640256959,0.15417558886509636,0.008565310492505354,-0.12979479972189345
0.11789473684210526,0.13894736842105262,0.04842105263157895,-0.12979479972189345
0.0864461045891142,0.12913553895410887,0.0864461045891142,-0.12979479972189345
0.13796791443850268,0.14010695187165775,0.06524064171122995,-0.12979479972189345
0.10221285563751317,0.18018967334035826,0.10432033719704953,-0.12979479972189345
0.1518987341772152,0.16244725738396623,0.10126582278481013,-0.12979479972189345
0.0870488322717622,0.18471337579617833,0.059447983014861996,-0.12979479972189345
0.1623931623931624,0.1623931623931624,0.12606837606837606,-0.12979479972189345
0.11558854718981973,0.14952279957582185,0.003181336161187699,-0.12979479972189345
0.03529411764705882,0.11229946524064172,0.009625668449197862,-0.12979479972189345
0.021321961620469083,0.15778251599147122,0.06609808102345416,-0.12979479972189345
0.08877005347593583,0.11016042780748662,0.058823529411764705,-0.12979479972189345
0.08449197860962566,0.12085561497326203,0.12085561497326203,-0.12979479972189345
0.06623931623931624,0.1517094017094017,0.05128205128205128,-0.12979479972189345
0.10509209100758396,0.14626218851570963,0.05308775731310943,-0.12979479972189345
0.07756813417190776,0.14046121593291405,0.0041928721174004195,-0.12979479972189345
0.0818278427205101,0.15196599362380447,0.06482465462274177,-0.12979479972189345
0.16631130063965885,0.16631130063965885,0.07036247334754797,-0.12979479972189345
0.03536977491961415,0.15755627009646303,0.0053590568060021436,-0.1606222361403058
0.07089947089947089,0.1365079365079365,0.04338624338624339,-0.1606222361403058
0.15513626834381553,0.1740041928721174,0.05870020964360587,-0.1606222361403058
0.07676130389064142,0.20715036803364878,0.10830704521556257,-0.1606222361403058
0.07838983050847458,0.13771186440677965,0.05508474576271186,-0.1606222361403058
0.14587737843551796,0.14587737843551796,0.040169133192389,-0.1606222361403058
0.06315789473684211,0.15368421052631578,0.008421052631578947,-0.1606222361403058
0.03735325506937033,0.14621131270010673,0.13553895410885805,-0.1606222361403058
0.1331923890063425,0.1331923890063425,0.014799154334038054,-0.1606222361403058
0.19745222929936307,0.19745222929936307,0.04246284501061571,-0.1606222361403058
0.1331923890063425,0.1331923890063425,0.0,-0.1606222361403058
0.11320754716981132,0.14046121593291405,0.07547169811320754,-0.1606222361403058
0.03368421052631579,0.21894736842105264,0.05894736842105263,-0.1606222361403058
0.09225874867444327,0.15800636267232238,0.09862142099681867,-0.1606222361403058
0.04928806133625411,0.13691128148959475,0.1303395399780942,-0.1606222361403058
0.12781954887218044,0.15789473684210525,0.06981740064446831,-0.1606222361403058
0.0915032679738562,0.15468409586056645,0.006535947712418301,-0.1606222361403058
0.13601741022850924,0.19477693144722524,0.042437431991294884,-0.1606222361403058
0.10212765957446808,0.16595744680851063,0.031914893617021274,-0.1606222361403058
0.052742616033755275,0.14345991561181434,0.05063291139240506,-0.1606222361403058
0.13107822410147993,0.13107822410147993,0.052854122621564484,-0.1606222361403058
0.04967602591792657,0.1771058315334773,0.10583153347732181,-0.1606222361403058
0.015053763440860216,0.17419354838709677,0.012903225806451613,-0.1606222361403058
0.09650053022269353,0.13891834570519618,0.03499469777306469,-0.1606222361403058
0.09862142099681867,0.13043478260869565,0.013785790031813362,-0.1606222361403058
0.1014799154334038,0.18181818181818182,0.035940803382663845,-0.1606222361403058
0.13593256059009484,0.1506849315068493,0.05374077976817703,-0.1606222361403058
0.08839190628328009,0.16293929712460065,0.058572949946751864,-0.1606222361403058
0.0728051391862955,0.14132762312633834,0.010706638115631691,-0.1606222361403058
0.08779443254817987,0.18201284796573874,0.044967880085653104,-0.1606222361403058
0.15368421052631578,0.15789473684210525,0.01263157894736842,-0.1606222361403058
0.19365079365079366,0.19365079365079366,0.05396825396825397,-0.1606222361403058
0.0728051391862955,0.15417558886509636,0.034261241970021415,-0.1606222361403058
0.09799789251844046,0.12961011591148577,0.07060063224446786,-0.1606222361403058
0.11064278187565858,0.13593256059009484,0.07270811380400422,-0.1606222361403058
0.0367965367965368,0.18181818181818182,0.0021645021645021645,-0.1606222361403058
0.08794788273615635,0.13572204125950055,0.009771986970684038,-0.1606222361403058
0.14842903575297942,0.180931744312026,0.014084507042253521,-0.1606222361403058
0.03552206673842842,0.13240043057050593,0.04843918191603875,-0.1606222361403058
0.10830704521556257,0.15036803364879076,0.08096740273396424,-0.1606222361403058
0.2219873150105708,0.2219873150105708,0.02536997885835095,-0.1606222361403058
0.13796791443850268,0.20641711229946524,0.09518716577540107,-0.1606222361403058
0.12951167728237792,0.18259023354564755,0.04670912951167728,-0.1606222361403058
0.10706638115631692,0.10706638115631692,0.021413276231263382,-0.1606222361403058
0.05419766206163656,0.13071200850159406,0.015940488841657812,-0.1606222361403058
0.18716577540106952,0.18716577540106952,0.06310160427807486,-0.1606222361403058
0.14782608695652175,0.15434782608695652,0.05,-0.1606222361403058
0.07822410147991543,0.1416490486257928,0.014799154334038054,-0.1606222361403058
0.11652542372881355,0.16101694915254236,0.048728813559322036,-0.1606222361403058
0.1746031746031746,0.1746031746031746,0.013756613756613757,-0.1606222361403058
